{
  "products": [
    {
      "reference": "prod01",
      "name": "Cream Cake",
      "stockQte": 20,
      "unitPrice": 200,
      "image": "images/c1.png",
      "category": "Gâteaux à la pâte levée",
      "description": "Découvrez notre irrésistible Cream Cake, un délice gourmand alliant une texture onctueuse et des saveurs riches. Parfait pour égayer vos moments.",
      "starts": "⭐⭐⭐⭐⭐",
      "comments": [
        {
          "rating": "⭐⭐⭐⭐⭐",
          "comment": "Délicieux et moelleux ! Les gâteaux de vous sont une explosion de saveurs.",
          "date": "2022-06-13T05:33:09.348884Z"
        },
        {
          "rating": "⭐⭐⭐⭐",
          "comment": "J'ai commandé le gâteau au chocolat pour une fête et tout le monde était impressionné. ",
          "date": "2022-06-13T05:33:09.348884Z"
        },
        {
          "rating": "⭐⭐⭐",
          "comment": "Une expérience gustative exceptionnelle ! Les gâteaux de vous sont de véritables œuvres d'art comestibles.",
          "date": "2022-06-13T05:33:09.348884Z"
        }
      ]
    },
    {
      "reference": "prod02",
      "name": "Choco Cake",
      "stockQte": 50,
      "unitPrice": 100,
      "image": "images/c2.png",
      "category": "Gâteaux à la pâte levée",
      "description": "Succombez à notre Choco Cake exquis, une fusion parfaite de chocolat intense et de moelleux. Une expérience divine pour les amateurs de chocolat.",
      "starts": "⭐⭐⭐⭐",
      "comments": [
        {
          "rating": "⭐⭐⭐⭐⭐",
          "comment": "Le service client est également impeccable, ce qui rend l'ensemble de l'expérience d'achat très agréable",
          "date": "2022-06-13T05:33:09.348884Z"
        },
        {
          "rating": "⭐⭐⭐⭐",
          "comment": "Excellente présentation et goût exquis ! Les gâteaux sont non seulement visuellement attrayants ",
          "date": "2022-06-13T05:33:09.348884Z"
        }
      ]
    },
    {
      "reference": "prod03",
      "name": "Slice Cake",
      "stockQte": 70,
      "unitPrice": 120,
      "image": "images/c3.png",
      "category": "gateau au chocolat",
      "description": " Dégustez notre Slice Cake délicieusement parfumé, une harmonie parfaite entre moelleux et saveurs subtiles. Un plaisir à chaque bouchée.",
      "starts": "⭐⭐⭐⭐⭐",
      "comments": [
        {
          "rating": "⭐⭐⭐⭐⭐",
          "comment": "Service exceptionnel et gâteaux de qualité supérieure. ",
          "date": "2022-06-13T05:33:09.348884Z"
        },
        {
          "rating": "⭐⭐⭐",
          "comment": " J'ai essayé le gâteau caramel beurre salé, et c'était une expérience gustative inégalée'.",
          "date": "2022-06-13T05:33:09.348884Z"
        }
      ]
    },
    {
      "reference": "prod04",
      "name": "Fruit Cake",
      "stockQte": 35,
      "unitPrice": 130,
      "image": "images/c4.png",
      "category": "ateau au chocolat",
      "description": "Explorez notre Fruit Cake riche en saveurs, une symphonie de fruits frais et de textures moelleuses. Une expérience gustative équilibrée et délicieuse.",
      "starts": "⭐⭐⭐⭐",
      "comments": [
        {
          "rating": "⭐⭐⭐⭐⭐",
          "comment": "Un grand bravo à vous pour ses gâteaux exceptionnels",
          "date": "17/05/2023"
        },
        {
          "rating": "⭐⭐⭐⭐",
          "comment": "Les gâteaux de vous sont une révélation pour les amateurs de desserts. ",
          "date": "2022-06-13T05:33:09.348884Z"
        },
        {
          "rating": "⭐⭐⭐",
          "comment": " Les gâteaux de vous sont devenus ma solution go-to pour toutes les occasions spéciales'.",
          "date": "2022-06-13T05:33:09.348884Z"
        }
      ]
    },
    {
      "reference": "prod05",
      "name": "Brown Cake",
      "stockQte": 35,
      "unitPrice": 110,
      "image": "images/c5.png",
      "category": "ateau au chocolat",
      "description": "Savourez notre Brown Cake exquis, une fusion parfaite de chocolat riche et de notes subtiles. Un délice irrésistible pour les amateurs de chocolat.",
      "starts": "⭐⭐⭐⭐",
      "comments": [
        {
          "rating": "⭐⭐⭐⭐⭐",
          "comment": "Une véritable symphonie de saveurs sait comment créer des gâteaux qui émerveillent",
          "date": "2022-06-13T05:33:09.348884Z"
        },
        {
          "rating": "⭐⭐⭐⭐",
          "comment": "J'ai essayé le gâteau caramel beurre salé, et c'était une expérience gustative inégalée ",
          "date": "2022-06-13T05:33:09.348884Z"
        },
        {
          "rating": "⭐⭐⭐",
          "comment": " Délicieux et moelleux ! Les gâteaux de vous sont une explosion de saveurs.",
          "date": "2022-06-13T05:33:09.348884Z"
        }
      ]
    },
    {
      "reference": "prod06",
      "name": "Slice Cake",
      "stockQte": 35,
      "unitPrice": 115,
      "image": "images/c6.png",
      "category": "Gâteau marbré",
      "description": "Découvrez notre Slice Cake délicieusement moelleux, garni de saveurs exquises. Une tranche de bonheur à partager lors de chaque occasion spéciale.",
      "starts": "⭐⭐⭐⭐⭐",
      "comments": [
        {
          "rating": "⭐⭐⭐⭐⭐",
          "comment": "Les gâteaux de vous sont devenus ma solution go-to pour toutes les occasions spéciales.",
          "date": "2022-06-13T05:33:09.348884Z"
        },
        {
          "rating": "⭐⭐⭐⭐",
          "comment": "Une véritable symphonie de saveurs ! sait comment créer des gâteaux qui émerveillent.. ",
          "date": "2022-06-13T05:33:09.348884Z"
        },
        {
          "rating": "⭐⭐⭐",
          "comment": "  J'ai essayé le gâteau caramel beurre salé, et c'était une expérience gustative inégalée.",
          "date": "2022-06-13T05:33:09.348884Z"
        }
      ]
    },
    {
      "reference": "prod07",
      "name": "Fruit Cake",
      "stockQte": 35,
      "unitPrice": 200,
      "image": "images/c7.png",
      "category": "Gâteau marbré",
      "description": "Notre Fruit Cake, une explosion de saveurs fruitées dans chaque bouchée. Parfait mélange de douceur pour égayer tous vos moments gourmands.",
      "starts": "⭐⭐⭐⭐⭐",
      "comments": [
        {
          "rating": "⭐⭐⭐⭐⭐",
          "comment": "Délicieux et moelleux ! Les gâteaux de vous sont une explosion de saveurs. ",
          "date": "2022-06-13T05:33:09.348884Z"
        },
        {
          "rating": "⭐⭐⭐⭐",
          "comment": "J'ai commandé le gâteau au chocolat pour une fête et tout le monde était impressionné. ",
          "date": "2022-06-13T05:33:09.348884Z"
        },
        {
          "rating": "⭐⭐⭐",
          "comment": " Les gâteaux de vous sont mes préférés ! La variété de saveurs est incroyable.",
          "date": "2022-06-13T05:33:09.348884Z"
        }
      ]
    },
    {
      "reference": "prod08",
      "name": "Choco Cake",
      "stockQte": 35,
      "unitPrice": 125,
      "image": "images/c8.png",
      "category": "Gâteaux à la pâte levée",
      "description": "Délectez-vous avec notre irrésistible Choco Cake, une symphonie de chocolat pur. Un plaisir exquis qui ravira les amateurs de chocolat à chaque dégustation.",
      "starts": "⭐⭐⭐⭐",
      "comments": [
        {
          "rating": "⭐⭐⭐⭐⭐",
          "comment": "Délicieux et moelleux ! Les gâteaux de vous sont une explosion de saveurs. ",
          "date": "2022-06-13T05:33:09.348884Z"
        },
        {
          "rating": "⭐⭐⭐⭐",
          "comment": "Excellente présentation et goût exquis ! Les gâteaux sont non seulement visuellement attrayants ",
          "date": "2022-06-13T05:33:09.348884Z"
        },
        {
          "rating": "⭐⭐⭐",
          "comment": " Une valeur sûre pour les amateurs de gâteaux de qualité",
          "date": "2022-06-13T05:33:09.348884Z"
        }
      ]
    }
  ]
}